{
"M": 1,
 "L": 3,
 "N": 4,
 "JACO": [
  [
   [
    -0.197668526954583,
    0.0,
    -0.0395649820755298,
    0.0
   ]
  ],
  [
   [
    -2.007899810240903138,
    3.0026280660476688256,
    4.5873694823399553,
    5.02119888053260749
   ]
  ],
  [
   [
    -0.007899810240903138,
    0.0026280660476688256,
    1.5873694823399553,
    0.02119888053260749
   ]
  ]
 ],
 "Y": [
  [
   0.9293298058188657
  ],
  [
   0.9088407606665322
  ],
   [
   1.0582987928525662
  ]
 ],
 "X": [
  [
   -1.6514456476894992,
   -1.5811388300810618,
   -0.267609642092725,
   -1.5491933384829668
  ],
  [
   -5.6514456476894992,
   -6.5811388300810618,
   -7.267609642092725,
   -8.5491933384829668
  ],
  [
   1.6514456476894992,
   1.5811388300869134,
   2.088818413372202,
   1.5491933384829668
  ]
 ],
 "VARI": [
  0.6055300708195136,
  0.09486832980506345,
  0.19662785879946731,
  2.581988897471611
 ],
 "cbwd": 2.65,
 "cwvl": 761.726,
 "leafsize": 4,
 "sequ": [
  "dwvl,bwd,tra,amf",
  "tra/zero"
 ],
 "MEAN": [
  1.5257651681785976e-20,
  2.6499999999997224,
  0.35496667905858464,
  6.0
 ]
}